지역,날짜,오전날씨,오후날씨,최저기온,최고기온,오전강수확률,오후강수확률
양구,2026-09-29,오전 날씨 구름많음,오후 날씨 맑음,9,21,20%,0%
양구,2026-09-30,오전 날씨 구름많음,오후 날씨 한때 비,10,22,10%,60%
양구,2026-10-01,오전 날씨 맑음,오후 날씨 맑음,5,18,0%,0%
양구,2026-10-02,오전 날씨 맑음,오후 날씨 맑음,4,20,10%,10%
양구,2026-10-03,오전 날씨 맑음,오후 날씨 맑음,5,21,10%,10%
양구,2026-10-04,오전 날씨 흐림,오후 날씨 흐리고 비,9,19,30%,60%
양구,2026-10-05,오전 날씨 구름많음,오후 날씨 구름많음,7,19,20%,20%
양구,2026-10-06,날씨 구름많음,날씨 구름많음,5,20,20%,20%
양구,2026-10-07,날씨 구름많음,날씨 구름많음,7,22,20%,20%
양구,2026-10-08,날씨 구름많음,날씨 구름많음,8,22,20%,20%
진부,2026-09-29,오전 날씨 구름많음,오후 날씨 맑음,10,22,10%,0%
진부,2026-09-30,오전 날씨 맑음,오후 날씨 한때 비,11,22,10%,60%
진부,2026-10-01,오전 날씨 맑음,오후 날씨 맑음,7,19,0%,0%
진부,2026-10-02,오전 날씨 맑음,오후 날씨 맑음,5,20,10%,10%
진부,2026-10-03,오전 날씨 맑음,오후 날씨 맑음,6,20,10%,10%
진부,2026-10-04,오전 날씨 흐림,오후 날씨 흐리고 비,10,20,30%,60%
진부,2026-10-05,오전 날씨 구름많음,오후 날씨 구름많음,7,18,20%,20%
진부,2026-10-06,날씨 구름많음,날씨 구름많음,6,20,20%,20%
진부,2026-10-07,날씨 구름많음,날씨 구름많음,7,20,20%,20%
진부,2026-10-08,날씨 구름많음,날씨 구름많음,9,21,20%,20%
보성,2026-09-29,오전 날씨 구름많음,오후 날씨 맑음,18,26,20%,0%
보성,2026-09-30,오전 날씨 맑음,오후 날씨 맑음,17,26,0%,10%
보성,2026-10-01,오전 날씨 맑음,오후 날씨 맑음,17,25,10%,0%
보성,2026-10-02,오전 날씨 맑음,오후 날씨 맑음,11,22,10%,10%
보성,2026-10-03,오전 날씨 맑음,오후 날씨 맑음,8,23,10%,10%
보성,2026-10-04,오전 날씨 구름많음,오후 날씨 구름많음,13,23,20%,20%
보성,2026-10-05,오전 날씨 구름많음,오후 날씨 구름많음,11,21,20%,20%
보성,2026-10-06,날씨 구름많음,날씨 구름많음,10,22,20%,20%
보성,2026-10-07,날씨 구름많음,날씨 구름많음,10,24,20%,20%
보성,2026-10-08,날씨 구름많음,날씨 구름많음,11,24,20%,20%
영광,2026-09-29,오전 날씨 구름많음,오후 날씨 맑음,17,24,20%,0%
영광,2026-09-30,오전 날씨 맑음,오후 날씨 구름많음,16,25,0%,20%
영광,2026-10-01,오전 날씨 맑음,오후 날씨 맑음,18,24,0%,0%
영광,2026-10-02,오전 날씨 맑음,오후 날씨 맑음,12,21,10%,10%
영광,2026-10-03,오전 날씨 맑음,오후 날씨 맑음,10,24,10%,10%
영광,2026-10-04,오전 날씨 구름많음,오후 날씨 구름많음,13,22,20%,20%
영광,2026-10-05,오전 날씨 구름많음,오후 날씨 구름많음,14,21,20%,20%
영광,2026-10-06,날씨 구름많음,날씨 구름많음,11,22,20%,20%
영광,2026-10-07,날씨 구름많음,날씨 구름많음,11,24,20%,20%
영광,2026-10-08,날씨 구름많음,날씨 구름많음,11,23,20%,20%
당진,2026-09-29,오전 날씨 구름많음,오후 날씨 맑음,14,25,10%,0%
당진,2026-09-30,오전 날씨 구름많음,오후 날씨 한때 비,13,26,10%,60%
당진,2026-10-01,오전 날씨 맑음,오후 날씨 맑음,12,25,0%,0%
당진,2026-10-02,오전 날씨 맑음,오후 날씨 맑음,11,20,10%,10%
당진,2026-10-03,오전 날씨 맑음,오후 날씨 맑음,9,23,10%,10%
당진,2026-10-04,오전 날씨 흐림,오후 날씨 흐림,12,20,30%,30%
당진,2026-10-05,오전 날씨 구름많음,오후 날씨 구름많음,11,19,20%,20%
당진,2026-10-06,날씨 구름많음,날씨 구름많음,11,21,20%,20%
당진,2026-10-07,날씨 구름많음,날씨 구름많음,11,22,20%,20%
당진,2026-10-08,날씨 구름많음,날씨 구름많음,12,22,20%,20%
구미,2026-09-29,오전 날씨 구름많음,오후 날씨 맑음,13,26,10%,0%
구미,2026-09-30,오전 날씨 맑음,오후 날씨 구름많음,15,27,0%,10%
구미,2026-10-01,오전 날씨 맑음,오후 날씨 맑음,14,26,0%,0%
구미,2026-10-02,오전 날씨 맑음,오후 날씨 맑음,10,22,10%,10%
구미,2026-10-03,오전 날씨 맑음,오후 날씨 맑음,7,23,10%,10%
구미,2026-10-04,오전 날씨 구름많음,오후 날씨 구름많음,11,24,20%,20%
구미,2026-10-05,오전 날씨 구름많음,오후 날씨 구름많음,10,22,20%,20%
구미,2026-10-06,날씨 구름많음,날씨 구름많음,10,23,20%,20%
구미,2026-10-07,날씨 구름많음,날씨 구름많음,9,24,20%,20%
구미,2026-10-08,날씨 구름많음,날씨 구름많음,10,24,20%,20%
